winner,f1,f2,f4mw,f4e,f4s,f4w,EV,n
Baylor,Gonzaga,Baylor,Illinois,Michigan,Baylor,Gonzaga,26.688272727272714,220.0
Baylor,Gonzaga,Baylor,Illinois,Alabama,Baylor,Gonzaga,25.278348623853216,109.0
Illinois,Gonzaga,Illinois,Illinois,Alabama,Baylor,Gonzaga,25.189781021897815,137.0
Illinois,Gonzaga,Illinois,Illinois,Colorado,Baylor,Gonzaga,24.615294117647057,17.0
Baylor,Gonzaga,Baylor,Houston,Texas,Baylor,Gonzaga,23.26666666666667,30.0
Houston,Iowa,Houston,Houston,Michigan,Baylor,Iowa,22.311666666666667,12.0
Baylor,Gonzaga,Baylor,Houston,Alabama,Baylor,Gonzaga,22.262222222222228,36.0
Gonzaga,Gonzaga,Houston,Houston,Alabama,Ohio State,Gonzaga,21.36192307692308,52.0
Illinois,Gonzaga,Illinois,Illinois,Alabama,Ohio State,Gonzaga,21.024499999999993,80.0
Illinois,Gonzaga,Illinois,Illinois,Michigan,Baylor,Gonzaga,20.495435684647298,241.0
Baylor,Alabama,Baylor,Illinois,Alabama,Baylor,Gonzaga,20.40285714285715,63.0
Baylor,Gonzaga,Baylor,West Virginia,Alabama,Baylor,Gonzaga,20.249999999999996,32.0
Gonzaga,Gonzaga,Houston,Houston,Michigan,Ohio State,Gonzaga,20.232753623188405,69.0
Baylor,Gonzaga,Baylor,Illinois,Colorado,Baylor,Gonzaga,19.716363636363635,11.0
Baylor,Gonzaga,Baylor,Illinois,Florida State,Baylor,Gonzaga,19.08511627906977,43.0
Illinois,Iowa,Illinois,Illinois,Alabama,Baylor,Iowa,18.79435897435897,39.0
Gonzaga,Gonzaga,Houston,Houston,Michigan,Baylor,Gonzaga,18.660000000000007,114.0
Baylor,Gonzaga,Baylor,Illinois,Texas,Baylor,Gonzaga,18.55152941176471,85.0
Gonzaga,Gonzaga,Houston,Houston,Alabama,Baylor,Gonzaga,18.434444444444445,72.0
Illinois,Gonzaga,Illinois,Illinois,Florida State,Baylor,Gonzaga,18.015526315789476,76.0
Illinois,Iowa,Illinois,Illinois,Michigan,Baylor,Iowa,17.91305555555556,72.0
Illinois,Iowa,Illinois,Illinois,Michigan,Ohio State,Iowa,17.721578947368425,38.0
Illinois,Gonzaga,Illinois,Illinois,Florida State,Ohio State,Gonzaga,17.54526315789473,38.0
Gonzaga,Gonzaga,Houston,Houston,Texas,Ohio State,Gonzaga,17.492571428571427,35.0
Baylor,Iowa,Baylor,Illinois,Michigan,Baylor,Iowa,17.365818181818184,55.0
Gonzaga,Gonzaga,Houston,Houston,Florida State,Baylor,Gonzaga,17.350000000000005,32.0
Baylor,Gonzaga,Baylor,Houston,Michigan,Baylor,Gonzaga,17.325294117647058,68.0
Baylor,Gonzaga,Baylor,Houston,Florida State,Baylor,Gonzaga,17.19,28.0
Gonzaga,Gonzaga,Houston,Houston,Florida State,Ohio State,Gonzaga,17.173846153846156,13.0
Illinois,Alabama,Illinois,Illinois,Alabama,Baylor,Iowa,17.12142857142857,14.0
Baylor,Gonzaga,Baylor,San Diego State,Michigan,Baylor,Gonzaga,17.063636363636366,11.0
Houston,Gonzaga,Houston,Houston,Michigan,Ohio State,Gonzaga,16.937058823529412,34.0
Baylor,Iowa,Baylor,Illinois,Alabama,Baylor,Iowa,16.836666666666673,36.0
Illinois,Alabama,Illinois,Illinois,Alabama,Baylor,Gonzaga,16.801333333333336,60.0
Illinois,Gonzaga,Illinois,Illinois,Connecticut,Baylor,Gonzaga,16.749333333333333,15.0
Illinois,Gonzaga,Illinois,Illinois,Michigan,Ohio State,Gonzaga,16.411288343558287,163.0
Baylor,Michigan,Baylor,Houston,Michigan,Baylor,Iowa,16.358333333333334,12.0
Illinois,Alabama,Illinois,Illinois,Alabama,Ohio State,Iowa,16.259999999999994,13.0
Baylor,Iowa,Baylor,Houston,Michigan,Baylor,Iowa,16.107692307692307,13.0
Illinois,Gonzaga,Illinois,Illinois,Alabama,Purdue,Gonzaga,15.898461538461541,13.0
Illinois,Gonzaga,Illinois,Illinois,Texas,Baylor,Gonzaga,15.873207547169804,106.0
Iowa,Iowa,Houston,Houston,Michigan,Baylor,Iowa,15.807142857142859,14.0
Iowa,Iowa,Illinois,Illinois,Alabama,Baylor,Iowa,15.316249999999997,32.0
Houston,Gonzaga,Houston,Houston,Alabama,Ohio State,Gonzaga,15.24266666666667,15.0
Baylor,Michigan,Baylor,Illinois,Michigan,Baylor,Gonzaga,15.09509090909091,110.0
Houston,Gonzaga,Houston,Houston,Alabama,Baylor,Gonzaga,15.07,22.0
Baylor,Iowa,Baylor,Illinois,Florida State,Baylor,Iowa,15.038666666666668,15.0
Baylor,Michigan,Baylor,Illinois,Michigan,Baylor,Iowa,15.035384615384613,39.0
Iowa,Iowa,Baylor,Illinois,Alabama,Baylor,Iowa,14.75090909090909,33.0
Illinois,Iowa,Illinois,Illinois,Florida State,Ohio State,Iowa,14.605454545454547,11.0
Illinois,Iowa,Illinois,Illinois,Alabama,Ohio State,Iowa,14.186363636363632,22.0
Illinois,Gonzaga,Illinois,Illinois,Alabama,Texas Tech,Gonzaga,14.027692307692309,13.0
Baylor,Iowa,Baylor,Houston,Texas,Baylor,Iowa,13.821666666666667,12.0
Illinois,Iowa,Illinois,Illinois,Texas,Ohio State,Iowa,13.811764705882352,17.0
Baylor,Alabama,Baylor,West Virginia,Alabama,Baylor,Gonzaga,13.70857142857143,14.0
Baylor,Gonzaga,Baylor,Illinois,Connecticut,Baylor,Gonzaga,13.64235294117647,17.0
Houston,Gonzaga,Houston,Houston,Michigan,Baylor,Gonzaga,13.478604651162792,43.0
Iowa,Iowa,Baylor,Illinois,Michigan,Baylor,Iowa,13.368000000000002,50.0
Illinois,Iowa,Illinois,Illinois,Michigan,Purdue,Iowa,12.784615384615385,13.0
Gonzaga,Gonzaga,Houston,Houston,Michigan,Villanova,Gonzaga,12.717142857142855,14.0
Baylor,Michigan,Baylor,Houston,Michigan,Baylor,Gonzaga,12.513513513513516,37.0
Houston,Gonzaga,Houston,Houston,Texas,Baylor,Gonzaga,12.469375000000003,32.0
Baylor,Florida State,Baylor,Illinois,Florida State,Baylor,Gonzaga,12.40521739130435,23.0
Illinois,Michigan,Illinois,Illinois,Michigan,Baylor,Iowa,12.237916666666663,48.0
Gonzaga,Gonzaga,Illinois,Illinois,Alabama,Baylor,Gonzaga,12.169508196721313,244.0
Gonzaga,Gonzaga,Houston,Houston,Alabama,Texas Tech,Gonzaga,12.092307692307692,13.0
Iowa,Iowa,Ohio State,Illinois,Alabama,Ohio State,Iowa,12.083076923076923,13.0
Baylor,Alabama,Baylor,Houston,Alabama,Baylor,Gonzaga,12.044285714285715,14.0
Iowa,Iowa,Baylor,Houston,Alabama,Baylor,Iowa,11.989090909090908,11.0
Iowa,Iowa,Illinois,Illinois,Michigan,Baylor,Iowa,11.97826086956522,46.0
Houston,Michigan,Houston,Houston,Michigan,Baylor,Gonzaga,11.96818181818182,22.0
Houston,Gonzaga,Houston,Houston,Florida State,Baylor,Gonzaga,11.957142857142856,14.0
Houston,Alabama,Houston,Houston,Alabama,Ohio State,Gonzaga,11.87,12.0
Illinois,Michigan,Illinois,Illinois,Michigan,Baylor,Gonzaga,11.866461538461536,130.0
Illinois,Iowa,Illinois,Illinois,Texas,Baylor,Iowa,11.859130434782609,23.0
Gonzaga,Gonzaga,Houston,Houston,Michigan,Arkansas,Gonzaga,11.833333333333336,12.0
Baylor,Iowa,Baylor,Illinois,Texas,Baylor,Iowa,11.811111111111112,18.0
Gonzaga,Gonzaga,Baylor,Houston,Alabama,Baylor,Gonzaga,11.769333333333337,120.0
Baylor,Gonzaga,Baylor,Oklahoma State,Michigan,Baylor,Gonzaga,11.7544,50.0
Baylor,Alabama,Baylor,Illinois,Alabama,Baylor,Iowa,11.70375,16.0
Gonzaga,Gonzaga,Baylor,Houston,Michigan,Baylor,Gonzaga,11.680103626943001,193.0
Gonzaga,Gonzaga,Houston,Houston,Michigan,Purdue,Gonzaga,11.472000000000003,15.0
Illinois,Alabama,Illinois,Illinois,Alabama,Ohio State,Gonzaga,11.44896551724138,29.0
Illinois,Michigan,Illinois,Illinois,Michigan,Ohio State,Iowa,11.409032258064515,31.0
Gonzaga,Gonzaga,Houston,Houston,Alabama,Arkansas,Gonzaga,11.405454545454544,11.0
Illinois,Florida State,Illinois,Illinois,Florida State,Baylor,Gonzaga,11.361999999999998,20.0
Illinois,Gonzaga,Illinois,Illinois,Louisiana State,Baylor,Gonzaga,11.314,20.0
Illinois,Gonzaga,Illinois,Illinois,Michigan,Arkansas,Gonzaga,11.310909090909092,33.0
Illinois,Gonzaga,Illinois,Illinois,Texas,Ohio State,Gonzaga,11.287179487179488,78.0
Baylor,Gonzaga,Baylor,Oklahoma State,Alabama,Baylor,Gonzaga,11.0776,25.0
Iowa,Iowa,Illinois,Illinois,Alabama,Ohio State,Iowa,11.074000000000002,20.0
Iowa,Iowa,Houston,Houston,Michigan,Ohio State,Iowa,11.041176470588237,17.0
Baylor,Alabama,Baylor,Illinois,Alabama,Baylor,Kansas,11.036923076923076,13.0
Illinois,Iowa,Illinois,Illinois,Michigan,Arkansas,Iowa,11.010000000000002,14.0
Gonzaga,Gonzaga,Illinois,Illinois,Alabama,Ohio State,Gonzaga,10.628671328671325,143.0
Baylor,Gonzaga,Baylor,Tennessee,Michigan,Baylor,Gonzaga,10.575714285714286,14.0
Illinois,Iowa,Illinois,Illinois,Florida State,Baylor,Iowa,10.532857142857143,14.0
Iowa,Iowa,Baylor,Houston,Michigan,Baylor,Iowa,10.301739130434783,23.0
Illinois,Gonzaga,Illinois,Illinois,Florida State,Purdue,Gonzaga,10.233333333333333,12.0
Baylor,Gonzaga,Baylor,Illinois,Louisiana State,Baylor,Gonzaga,10.23076923076923,13.0
Gonzaga,Gonzaga,Illinois,Illinois,Michigan,Ohio State,Gonzaga,10.219927007299273,274.0
Gonzaga,Gonzaga,Ohio State,Houston,Michigan,Ohio State,Gonzaga,10.095294117647057,68.0
Illinois,Gonzaga,Illinois,Illinois,Brigham Young,Baylor,Gonzaga,10.065882352941177,17.0
Iowa,Iowa,Illinois,Illinois,Michigan,Ohio State,Iowa,9.998709677419354,31.0
Iowa,Iowa,Baylor,Illinois,Florida State,Baylor,Iowa,9.98266666666667,15.0
Baylor,Gonzaga,Baylor,West Virginia,Texas,Baylor,Gonzaga,9.96625,16.0
Gonzaga,Gonzaga,Illinois,Illinois,Michigan,Baylor,Gonzaga,9.89592677345538,437.0
Baylor,Texas,Baylor,Illinois,Texas,Baylor,Gonzaga,9.77,26.0
Illinois,Michigan,Illinois,Illinois,Michigan,Arkansas,Iowa,9.763076923076923,13.0
Gonzaga,Gonzaga,Houston,Houston,Texas,Baylor,Gonzaga,9.3685,40.0
Gonzaga,Gonzaga,Baylor,Illinois,Alabama,Baylor,Gonzaga,8.982909090909091,275.0
Gonzaga,Gonzaga,Ohio State,Houston,Florida State,Ohio State,Gonzaga,8.954285714285712,14.0
Gonzaga,Gonzaga,Illinois,Illinois,Alabama,Purdue,Gonzaga,8.863333333333335,30.0
Baylor,Michigan,Baylor,West Virginia,Michigan,Baylor,Gonzaga,8.754117647058825,17.0
Baylor,Gonzaga,Baylor,West Virginia,Michigan,Baylor,Gonzaga,8.704081632653063,49.0
Baylor,Michigan,Baylor,Illinois,Michigan,Baylor,Kansas,8.632142857142856,28.0
Illinois,Gonzaga,Illinois,Illinois,Michigan,Villanova,Gonzaga,8.584516129032256,31.0
Illinois,Gonzaga,Illinois,Illinois,Alabama,Arkansas,Gonzaga,8.40709677419355,31.0
Iowa,Iowa,Baylor,Illinois,Texas,Baylor,Iowa,8.330769230769231,13.0
Gonzaga,Gonzaga,Houston,Houston,Texas,Arkansas,Gonzaga,8.301818181818183,11.0
Gonzaga,Gonzaga,Houston,Houston,Michigan,North Carolina,Gonzaga,8.24142857142857,14.0
Gonzaga,Gonzaga,Ohio State,Houston,Alabama,Ohio State,Gonzaga,7.649545454545454,44.0
Iowa,Iowa,Illinois,Illinois,Texas,Baylor,Iowa,7.394545454545453,33.0
Gonzaga,Gonzaga,Ohio State,Houston,Texas,Ohio State,Gonzaga,7.33923076923077,26.0
Gonzaga,Gonzaga,Ohio State,Illinois,Alabama,Ohio State,Gonzaga,7.2854716981132075,106.0
Gonzaga,Gonzaga,Baylor,Illinois,Colorado,Baylor,Gonzaga,7.194117647058823,17.0
Illinois,Virginia,Illinois,Illinois,Alabama,Baylor,Virginia,7.190769230769231,13.0
Baylor,Michigan,Baylor,Oklahoma State,Michigan,Baylor,Gonzaga,7.132857142857142,14.0
Illinois,Gonzaga,Illinois,Illinois,Texas,Purdue,Gonzaga,6.999999999999999,18.0
Gonzaga,Gonzaga,Illinois,Illinois,Florida State,Ohio State,Gonzaga,6.948421052631581,76.0
Gonzaga,Gonzaga,Illinois,Illinois,Michigan,Purdue,Gonzaga,6.878333333333333,48.0
Illinois,Gonzaga,Illinois,Illinois,Michigan,Purdue,Gonzaga,6.8740000000000006,30.0
Illinois,Michigan,Illinois,Illinois,Michigan,Baylor,Kansas,6.844166666666669,24.0
Gonzaga,Gonzaga,Illinois,Illinois,Texas,Baylor,Gonzaga,6.768679245283019,159.0
Illinois,Kansas,Illinois,Illinois,Alabama,Baylor,Kansas,6.688571428571429,14.0
Illinois,Virginia,Illinois,Illinois,Michigan,Ohio State,Virginia,6.663636363636362,11.0
Baylor,Gonzaga,Baylor,Tennessee,Alabama,Baylor,Gonzaga,6.398749999999999,16.0
Baylor,Michigan,Baylor,Tennessee,Michigan,Baylor,Gonzaga,6.378461538461537,13.0
Illinois,Michigan,Illinois,Illinois,Michigan,Ohio State,Gonzaga,6.34886075949367,79.0
Iowa,Iowa,Ohio State,Illinois,Michigan,Ohio State,Iowa,6.33391304347826,23.0
Gonzaga,Gonzaga,Baylor,Illinois,Michigan,Baylor,Gonzaga,6.330393700787391,508.0
Baylor,Gonzaga,Baylor,Oklahoma State,Florida State,Baylor,Gonzaga,6.319999999999999,14.0
Gonzaga,Gonzaga,Baylor,Houston,Florida State,Baylor,Gonzaga,6.28423076923077,52.0
Illinois,Gonzaga,Illinois,Illinois,Michigan,Texas Tech,Gonzaga,6.174285714285715,28.0
Illinois,Gonzaga,Illinois,Illinois,Michigan,Wisconsin,Gonzaga,6.127692307692308,13.0
Gonzaga,Gonzaga,Baylor,Houston,Texas,Baylor,Gonzaga,5.993448275862068,58.0
Gonzaga,Gonzaga,Ohio State,Illinois,Michigan,Ohio State,Gonzaga,5.897192982456141,171.0
Gonzaga,Gonzaga,Illinois,Illinois,Michigan,Texas Tech,Gonzaga,5.685294117647058,34.0
Baylor,Kansas,Baylor,Illinois,Michigan,Baylor,Kansas,5.5600000000000005,23.0
Baylor,Texas,Baylor,Houston,Texas,Baylor,Gonzaga,5.555714285714285,14.0
Gonzaga,Gonzaga,Illinois,Illinois,Michigan,Arkansas,Gonzaga,5.204810126582278,79.0
Illinois,Alabama,Illinois,Illinois,Alabama,Purdue,Gonzaga,5.032727272727272,11.0
Illinois,Kansas,Illinois,Illinois,Michigan,Baylor,Kansas,4.95578947368421,19.0
Iowa,Iowa,Baylor,Oklahoma State,Michigan,Baylor,Iowa,4.7749999999999995,12.0
Ohio State,Gonzaga,Ohio State,Illinois,Florida State,Ohio State,Gonzaga,4.761666666666668,24.0
Illinois,Gonzaga,Illinois,Illinois,Texas,Arkansas,Gonzaga,4.53,24.0
Ohio State,Gonzaga,Ohio State,Illinois,Michigan,Ohio State,Gonzaga,4.52776119402985,67.0
Gonzaga,Gonzaga,Baylor,Illinois,Texas,Baylor,Gonzaga,4.4799999999999995,203.0
Gonzaga,Gonzaga,Illinois,Illinois,Alabama,Texas Tech,Gonzaga,4.46888888888889,18.0
Illinois,Michigan,Illinois,Illinois,Michigan,Purdue,Gonzaga,4.410666666666667,15.0
Alabama,Alabama,Ohio State,Illinois,Alabama,Ohio State,Gonzaga,4.4027272727272715,22.0
Illinois,Gonzaga,Illinois,Illinois,Louisiana State,Ohio State,Gonzaga,4.1899999999999995,12.0
Gonzaga,Gonzaga,Baylor,Illinois,Florida State,Baylor,Gonzaga,4.155652173913044,115.0
Gonzaga,Gonzaga,Illinois,Illinois,Florida State,Baylor,Gonzaga,4.106071428571428,112.0
Gonzaga,Gonzaga,Illinois,Illinois,Brigham Young,Ohio State,Gonzaga,4.036666666666666,12.0
Gonzaga,Gonzaga,Illinois,Illinois,Alabama,Arkansas,Gonzaga,3.7575609756097577,41.0
Gonzaga,Gonzaga,Houston,Houston,Michigan,Texas Tech,Gonzaga,3.756923076923077,13.0
Illinois,Michigan,Illinois,Illinois,Michigan,Arkansas,Gonzaga,3.7111111111111104,18.0
Baylor,Kansas,Baylor,Illinois,Texas,Baylor,Kansas,3.7076923076923074,13.0
Baylor,Gonzaga,Baylor,Oklahoma State,Texas,Baylor,Gonzaga,3.7,16.0
Gonzaga,Gonzaga,Illinois,Illinois,Colorado,Baylor,Gonzaga,3.683529411764706,17.0
Illinois,Gonzaga,Illinois,Illinois,Michigan,North Carolina,Gonzaga,3.632,15.0
Ohio State,Alabama,Ohio State,Illinois,Alabama,Ohio State,Gonzaga,3.47047619047619,21.0
Gonzaga,Gonzaga,Ohio State,Illinois,Texas,Ohio State,Gonzaga,3.4579104477611935,67.0
Gonzaga,Gonzaga,Illinois,Illinois,Texas,Ohio State,Gonzaga,3.4282258064516125,124.0
Gonzaga,Gonzaga,Baylor,West Virginia,Alabama,Baylor,Gonzaga,3.368888888888888,54.0
Iowa,Iowa,Baylor,West Virginia,Michigan,Baylor,Iowa,3.141666666666667,12.0
Ohio State,Gonzaga,Ohio State,Illinois,Alabama,Ohio State,Gonzaga,3.0632432432432424,37.0
Alabama,Alabama,Illinois,Illinois,Alabama,Ohio State,Gonzaga,3.031111111111111,27.0
Ohio State,Gonzaga,Ohio State,Houston,Alabama,Ohio State,Gonzaga,2.955384615384616,13.0
Ohio State,Iowa,Ohio State,Illinois,Michigan,Ohio State,Iowa,2.8434782608695657,23.0
Gonzaga,Gonzaga,Ohio State,Illinois,Florida State,Ohio State,Gonzaga,2.836666666666668,36.0
Illinois,Texas,Illinois,Illinois,Texas,Baylor,Gonzaga,2.812777777777777,36.0
Illinois,Gonzaga,Illinois,Illinois,Michigan,Florida,Gonzaga,2.6399999999999997,13.0
Gonzaga,Gonzaga,Ohio State,West Virginia,Michigan,Ohio State,Gonzaga,2.6114814814814817,54.0
Ohio State,Gonzaga,Ohio State,Houston,Michigan,Ohio State,Gonzaga,2.54,28.0
Ohio State,Gonzaga,Ohio State,Illinois,Texas,Ohio State,Gonzaga,2.535384615384616,26.0
Gonzaga,Gonzaga,Illinois,Illinois,Alabama,Villanova,Gonzaga,2.36551724137931,29.0
Baylor,Kansas,Baylor,Illinois,Alabama,Baylor,Kansas,2.243,20.0
Gonzaga,Gonzaga,Illinois,Illinois,Brigham Young,Baylor,Gonzaga,2.014545454545454,22.0
Gonzaga,Gonzaga,Baylor,Tennessee,Texas,Baylor,Gonzaga,1.9937500000000001,16.0
Illinois,Gonzaga,Illinois,Illinois,Alabama,Villanova,Gonzaga,1.9917647058823529,17.0
Gonzaga,Gonzaga,Illinois,Illinois,Florida State,Texas Tech,Gonzaga,1.8559999999999994,15.0
Baylor,Gonzaga,Baylor,Drexel,Michigan,Baylor,Gonzaga,1.7466666666666673,12.0
Gonzaga,Gonzaga,Illinois,Illinois,Texas,Purdue,Gonzaga,1.609166666666667,24.0
Illinois,Virginia,Illinois,Illinois,Michigan,Baylor,Virginia,1.5910000000000002,20.0
Alabama,Alabama,Illinois,Illinois,Alabama,Ohio State,Iowa,1.4346666666666665,15.0
Gonzaga,Gonzaga,Baylor,San Diego State,Michigan,Baylor,Gonzaga,1.21047619047619,21.0
Gonzaga,Gonzaga,Illinois,Illinois,Michigan,Wisconsin,Gonzaga,1.1799999999999997,14.0
Gonzaga,Gonzaga,Ohio State,West Virginia,Florida State,Ohio State,Gonzaga,1.178666666666666,15.0
Illinois,Michigan,Illinois,Illinois,Michigan,Villanova,Gonzaga,1.158461538461538,13.0
Illinois,Gonzaga,Illinois,Illinois,Alabama,North Carolina,Gonzaga,1.070769230769231,13.0
Ohio State,Michigan,Ohio State,Houston,Michigan,Ohio State,Gonzaga,0.9776470588235293,17.0
Gonzaga,Gonzaga,Ohio State,Tennessee,Michigan,Ohio State,Gonzaga,0.9752380952380946,21.0
Gonzaga,Gonzaga,Illinois,Illinois,Texas,Texas Tech,Gonzaga,0.9662499999999999,16.0
Alabama,Alabama,Illinois,Illinois,Alabama,Baylor,Iowa,0.9428571428571431,14.0
Gonzaga,Gonzaga,Illinois,Illinois,Michigan,North Carolina,Gonzaga,0.8921428571428572,28.0
Ohio State,Gonzaga,Ohio State,West Virginia,Michigan,Ohio State,Gonzaga,0.8333333333333338,12.0
Ohio State,Michigan,Ohio State,Illinois,Michigan,Ohio State,Gonzaga,0.7451282051282052,39.0
Ohio State,Gonzaga,Ohio State,Oklahoma State,Michigan,Ohio State,Gonzaga,0.676363636363636,22.0
Illinois,Texas,Illinois,Illinois,Texas,Ohio State,Gonzaga,0.5551999999999998,25.0
Alabama,Alabama,Baylor,Illinois,Alabama,Baylor,Gonzaga,0.47588235294117665,68.0
Alabama,Alabama,Illinois,Illinois,Alabama,Baylor,Gonzaga,0.46486486486486467,37.0
Ohio State,Gonzaga,Ohio State,Oklahoma State,Alabama,Ohio State,Gonzaga,0.38545454545454516,11.0
Ohio State,Texas,Ohio State,Illinois,Texas,Ohio State,Gonzaga,0.3709090909090904,11.0
Gonzaga,Gonzaga,Illinois,Illinois,Louisiana State,Ohio State,Gonzaga,0.2637499999999995,16.0
Illinois,Kansas,Illinois,Illinois,Michigan,Ohio State,Kansas,0.11789473684210537,19.0
Gonzaga,Gonzaga,Illinois,Illinois,Texas,Villanova,Gonzaga,0.11714285714285719,14.0
Illinois,Kansas,Illinois,Illinois,Florida State,Baylor,Kansas,0.10181818181818159,11.0
Gonzaga,Gonzaga,Baylor,Tennessee,Alabama,Baylor,Gonzaga,0.08086956521739143,23.0
Gonzaga,Gonzaga,Illinois,Illinois,Louisiana State,Baylor,Gonzaga,-0.1354285714285713,35.0
Alabama,Alabama,Baylor,Illinois,Alabama,Baylor,Iowa,-0.2726315789473682,19.0
Gonzaga,Gonzaga,Baylor,Tennessee,Michigan,Baylor,Gonzaga,-0.5883333333333334,36.0
Gonzaga,Gonzaga,Ohio State,Oklahoma State,Michigan,Ohio State,Gonzaga,-0.7162500000000002,48.0
Alabama,Alabama,Baylor,Illinois,Alabama,Baylor,Kansas,-0.856923076923077,13.0
Gonzaga,Gonzaga,Illinois,Illinois,Florida State,Arkansas,Gonzaga,-0.8933333333333332,18.0
Gonzaga,Gonzaga,Illinois,Illinois,Texas,Arkansas,Gonzaga,-1.1119999999999997,20.0
Gonzaga,Gonzaga,Baylor,Illinois,Connecticut,Baylor,Gonzaga,-1.2066666666666663,27.0
Gonzaga,Gonzaga,Ohio State,West Virginia,Alabama,Ohio State,Gonzaga,-1.2609523809523813,21.0
Gonzaga,Gonzaga,Baylor,West Virginia,Michigan,Baylor,Gonzaga,-1.2878431372549024,102.0
Michigan,Michigan,Houston,Houston,Michigan,Ohio State,Gonzaga,-1.3225,16.0
Alabama,Alabama,Baylor,Houston,Alabama,Baylor,Gonzaga,-1.6008695652173912,23.0
Ohio State,Iowa,Ohio State,Illinois,Alabama,Ohio State,Iowa,-1.7114285714285715,14.0
Gonzaga,Gonzaga,Ohio State,Oklahoma State,Alabama,Ohio State,Gonzaga,-1.8400000000000003,27.0
Gonzaga,Gonzaga,Baylor,Houston,Brigham Young,Baylor,Gonzaga,-1.9333333333333333,12.0
Gonzaga,Gonzaga,Baylor,Tennessee,Florida State,Baylor,Gonzaga,-1.9909090909090907,11.0
Gonzaga,Gonzaga,Purdue,Illinois,Michigan,Purdue,Gonzaga,-2.0366666666666675,24.0
Gonzaga,Gonzaga,Baylor,Illinois,Maryland,Baylor,Gonzaga,-2.1816666666666666,12.0
Gonzaga,Gonzaga,Illinois,Illinois,Michigan,Villanova,Gonzaga,-2.2663829787234047,47.0
Gonzaga,Gonzaga,Baylor,Illinois,Louisiana State,Baylor,Gonzaga,-2.4092857142857143,28.0
Ohio State,Michigan,Ohio State,Illinois,Michigan,Ohio State,Iowa,-2.4933333333333336,15.0
Gonzaga,Gonzaga,Baylor,Illinois,Brigham Young,Baylor,Gonzaga,-2.564705882352941,34.0
Gonzaga,Gonzaga,Arkansas,Houston,Michigan,Arkansas,Gonzaga,-2.615,12.0
Michigan,Michigan,Houston,Houston,Michigan,Baylor,Iowa,-2.635714285714286,14.0
Gonzaga,Gonzaga,Ohio State,Oklahoma State,Florida State,Ohio State,Gonzaga,-2.821428571428572,14.0
Gonzaga,Gonzaga,Baylor,West Virginia,Texas,Baylor,Gonzaga,-2.9863636363636377,44.0
Gonzaga,Gonzaga,Illinois,Illinois,Florida State,Villanova,Gonzaga,-2.9899999999999998,12.0
Michigan,Michigan,Baylor,Houston,Michigan,Baylor,Gonzaga,-3.1973584905660375,53.0
Gonzaga,Gonzaga,West Virginia,West Virginia,Alabama,Baylor,Gonzaga,-3.199333333333333,30.0
Michigan,Michigan,Houston,Houston,Michigan,Ohio State,Iowa,-3.2385714285714284,14.0
Gonzaga,Gonzaga,Tennessee,Tennessee,Michigan,Ohio State,Gonzaga,-3.245333333333333,15.0
Gonzaga,Gonzaga,West Virginia,West Virginia,Michigan,Baylor,Gonzaga,-3.3454054054054057,37.0
Gonzaga,Gonzaga,Ohio State,Oklahoma State,Texas,Ohio State,Gonzaga,-3.494285714285714,14.0
Michigan,Michigan,Illinois,Illinois,Michigan,Ohio State,Gonzaga,-3.5193684210526324,95.0
Michigan,Michigan,Houston,Houston,Michigan,Baylor,Gonzaga,-3.536585365853659,41.0
Gonzaga,Gonzaga,Baylor,Loyola (IL),Michigan,Baylor,Gonzaga,-3.598749999999999,16.0
Michigan,Michigan,Baylor,Illinois,Michigan,Baylor,Gonzaga,-3.654933333333334,150.0
Gonzaga,Gonzaga,Texas Tech,Illinois,Alabama,Texas Tech,Gonzaga,-3.6706666666666665,15.0
Gonzaga,Gonzaga,Purdue,Illinois,Alabama,Purdue,Gonzaga,-3.7276923076923065,13.0
Michigan,Michigan,Illinois,Illinois,Michigan,Ohio State,Iowa,-3.8512500000000003,32.0
Gonzaga,Gonzaga,Illinois,Illinois,Alabama,North Carolina,Gonzaga,-3.908235294117647,17.0
Gonzaga,Gonzaga,Arkansas,Illinois,Alabama,Arkansas,Gonzaga,-3.9399999999999995,17.0
Michigan,Michigan,Ohio State,Illinois,Michigan,Ohio State,Iowa,-3.971111111111112,18.0
Michigan,Michigan,Baylor,Houston,Michigan,Baylor,Iowa,-4.075238095238095,21.0
Michigan,Michigan,Illinois,Illinois,Michigan,Baylor,Gonzaga,-4.120153846153847,130.0
Gonzaga,Gonzaga,Baylor,Oklahoma State,Texas,Baylor,Gonzaga,-4.130175438596491,57.0
Gonzaga,Gonzaga,Baylor,Oklahoma State,Alabama,Baylor,Gonzaga,-4.164705882352942,51.0
Michigan,Michigan,Illinois,Illinois,Michigan,Baylor,Iowa,-4.175833333333334,48.0
Gonzaga,Gonzaga,Baylor,Oklahoma State,Michigan,Baylor,Gonzaga,-4.225137614678898,109.0
Michigan,Michigan,Baylor,Illinois,Michigan,Baylor,Iowa,-4.2360869565217385,46.0
Gonzaga,Gonzaga,Illinois,Illinois,Connecticut,Baylor,Gonzaga,-4.264615384615384,26.0
Gonzaga,Gonzaga,Tennessee,Tennessee,Michigan,Baylor,Gonzaga,-4.296190476190477,21.0
Michigan,Michigan,Illinois,Illinois,Michigan,North Carolina,Gonzaga,-4.368333333333333,12.0
Michigan,Michigan,Illinois,Illinois,Michigan,Purdue,Gonzaga,-4.4725,16.0
Gonzaga,Gonzaga,Illinois,Illinois,Michigan,Florida,Gonzaga,-4.535384615384615,13.0
Gonzaga,Gonzaga,West Virginia,West Virginia,Michigan,Ohio State,Gonzaga,-4.715238095238097,42.0
Gonzaga,Gonzaga,West Virginia,West Virginia,Alabama,Ohio State,Gonzaga,-4.821739130434783,23.0
Gonzaga,Gonzaga,Baylor,Oklahoma State,Florida State,Baylor,Gonzaga,-4.916296296296296,27.0
Gonzaga,Gonzaga,Baylor,West Virginia,Florida State,Baylor,Gonzaga,-4.919130434782609,23.0
Michigan,Michigan,Ohio State,Illinois,Michigan,Ohio State,Gonzaga,-4.9366666666666665,54.0
Gonzaga,Gonzaga,West Virginia,West Virginia,Texas,Ohio State,Gonzaga,-5.093333333333333,12.0
Michigan,Michigan,Baylor,Houston,Michigan,Baylor,Kansas,-5.325333333333335,15.0
Gonzaga,Gonzaga,Baylor,Illinois,Georgetown,Baylor,Gonzaga,-5.526153846153846,13.0
Gonzaga,Gonzaga,West Virginia,West Virginia,Florida State,Baylor,Gonzaga,-5.53125,16.0
Gonzaga,Gonzaga,West Virginia,West Virginia,Texas,Baylor,Gonzaga,-5.618999999999999,20.0
Gonzaga,Gonzaga,Baylor,Georgia Tech,Michigan,Baylor,Gonzaga,-6.0016,25.0
Gonzaga,Gonzaga,Arkansas,Illinois,Michigan,Arkansas,Gonzaga,-6.2228571428571415,28.0
Michigan,Michigan,Baylor,West Virginia,Michigan,Baylor,Gonzaga,-6.236410256410256,39.0
Michigan,Michigan,Ohio State,Houston,Michigan,Ohio State,Gonzaga,-6.363076923076923,13.0
Michigan,Michigan,Illinois,Illinois,Michigan,Baylor,Virginia,-6.68,12.0
Gonzaga,Gonzaga,Illinois,Illinois,St. Bonaventure,Baylor,Gonzaga,-6.738666666666666,15.0
Michigan,Michigan,Illinois,Illinois,Michigan,Baylor,Kansas,-6.75391304347826,23.0
Michigan,Michigan,Baylor,Illinois,Michigan,Baylor,Virginia,-6.759,20.0
Michigan,Michigan,Purdue,Illinois,Michigan,Purdue,Gonzaga,-7.123636363636364,11.0
Michigan,Michigan,West Virginia,West Virginia,Michigan,Ohio State,Gonzaga,-7.25125,16.0
Michigan,Michigan,Houston,Houston,Michigan,Ohio State,Virginia,-7.391666666666667,12.0
Gonzaga,Gonzaga,Illinois,Illinois,Georgetown,Baylor,Gonzaga,-7.4413333333333345,15.0
Gonzaga,Gonzaga,Illinois,Illinois,Texas,North Carolina,Gonzaga,-7.525000000000001,12.0
Michigan,Michigan,Baylor,Illinois,Michigan,Baylor,Kansas,-7.5807692307692305,26.0
Michigan,Michigan,Ohio State,Illinois,Michigan,Ohio State,Kansas,-7.6494117647058815,17.0
Michigan,Michigan,West Virginia,West Virginia,Michigan,Baylor,Gonzaga,-7.697142857142857,14.0
Michigan,Michigan,Illinois,Illinois,Michigan,Villanova,Gonzaga,-7.923636363636363,11.0
Virginia,Virginia,Baylor,Illinois,Michigan,Baylor,Virginia,-8.294166666666667,24.0
Virginia,Virginia,Illinois,Illinois,Alabama,Baylor,Virginia,-8.556666666666668,12.0
Kansas,Kansas,Ohio State,Illinois,Michigan,Ohio State,Kansas,-8.690769230769233,13.0
Gonzaga,Gonzaga,Oklahoma State,Oklahoma State,Michigan,Purdue,Gonzaga,-8.81090909090909,11.0
Gonzaga,Gonzaga,Oklahoma State,Oklahoma State,Alabama,Ohio State,Gonzaga,-8.82,21.0
Michigan,Michigan,Ohio State,Oklahoma State,Michigan,Ohio State,Gonzaga,-9.066666666666668,18.0
Virginia,Virginia,Illinois,Illinois,Michigan,Baylor,Virginia,-9.08235294117647,17.0
Gonzaga,Gonzaga,Oklahoma State,Oklahoma State,Texas,Ohio State,Gonzaga,-9.122500000000002,16.0
Michigan,Michigan,Baylor,Oklahoma State,Michigan,Baylor,Iowa,-9.184285714285716,14.0
Gonzaga,Gonzaga,Villanova,Houston,Michigan,Villanova,Gonzaga,-9.275294117647059,17.0
Michigan,Michigan,Illinois,Illinois,Michigan,Arkansas,Gonzaga,-9.33,14.0
Florida State,Florida State,Baylor,Illinois,Florida State,Baylor,Gonzaga,-9.361739130434783,23.0
Michigan,Michigan,Baylor,Oklahoma State,Michigan,Baylor,Gonzaga,-9.407058823529413,34.0
Texas,Texas,Baylor,Illinois,Texas,Baylor,Iowa,-9.434545454545455,11.0
Michigan,Michigan,Illinois,Illinois,Michigan,Ohio State,Kansas,-9.526153846153848,13.0
Kansas,Kansas,Baylor,Illinois,Michigan,Baylor,Kansas,-9.638000000000002,20.0
Gonzaga,Gonzaga,Baylor,Clemson,Michigan,Baylor,Gonzaga,-9.664615384615384,13.0
Michigan,Michigan,Oklahoma State,Oklahoma State,Michigan,Baylor,Iowa,-9.714999999999998,12.0
Michigan,Michigan,Baylor,Tennessee,Michigan,Baylor,Gonzaga,-9.776923076923076,13.0
Gonzaga,Gonzaga,Villanova,Illinois,Alabama,Villanova,Gonzaga,-9.845263157894736,19.0
Florida State,Florida State,Illinois,Illinois,Florida State,Baylor,Gonzaga,-10.06857142857143,14.0
Gonzaga,Gonzaga,Oklahoma State,Oklahoma State,Michigan,Ohio State,Gonzaga,-10.158095238095239,42.0
Florida State,Florida State,Baylor,Illinois,Florida State,Baylor,Iowa,-10.198333333333332,12.0
Texas,Texas,Ohio State,Illinois,Texas,Ohio State,Gonzaga,-10.316666666666666,12.0
Gonzaga,Gonzaga,Baylor,Georgia Tech,Texas,Baylor,Gonzaga,-10.803636363636365,11.0
Texas,Texas,Illinois,Illinois,Texas,Baylor,Gonzaga,-10.940740740740742,27.0
Gonzaga,Gonzaga,Villanova,Illinois,Texas,Villanova,Gonzaga,-11.154444444444444,18.0
Gonzaga,Gonzaga,Oklahoma State,Oklahoma State,Alabama,Baylor,Gonzaga,-11.176756756756756,37.0
Gonzaga,Gonzaga,North Carolina,Illinois,Michigan,North Carolina,Gonzaga,-11.409999999999997,18.0
Kansas,Kansas,Baylor,Illinois,Alabama,Baylor,Kansas,-11.421428571428569,14.0
Kansas,Kansas,Baylor,Illinois,Texas,Baylor,Kansas,-11.461333333333332,15.0
Gonzaga,Gonzaga,Oklahoma State,Oklahoma State,Texas,Baylor,Gonzaga,-11.476363636363637,22.0
Gonzaga,Gonzaga,Oklahoma State,Oklahoma State,Michigan,Baylor,Gonzaga,-11.552142857142856,56.0
Kansas,Kansas,Illinois,Illinois,Michigan,Baylor,Kansas,-11.575999999999999,25.0
Gonzaga,Gonzaga,Villanova,Oklahoma State,Michigan,Villanova,Gonzaga,-11.688333333333333,12.0
Texas,Texas,Baylor,Illinois,Texas,Baylor,Gonzaga,-11.804,25.0
West Virginia,Gonzaga,West Virginia,West Virginia,Michigan,Baylor,Gonzaga,-12.15047619047619,21.0
Gonzaga,Gonzaga,Villanova,Illinois,Michigan,Villanova,Gonzaga,-12.189333333333328,30.0
Michigan,Michigan,Oklahoma State,Oklahoma State,Michigan,Ohio State,Gonzaga,-12.241818181818184,11.0
Texas,Texas,Baylor,Oklahoma State,Texas,Baylor,Gonzaga,-12.562857142857142,14.0
Gonzaga,Gonzaga,Loyola (IL),Loyola (IL),Michigan,Baylor,Gonzaga,-12.840000000000002,11.0
Gonzaga,Gonzaga,North Carolina,Illinois,Texas,North Carolina,Gonzaga,-13.054545454545456,11.0
Gonzaga,Gonzaga,Baylor,Drexel,Michigan,Baylor,Gonzaga,-13.503076923076922,13.0
Michigan,Michigan,Oklahoma State,Oklahoma State,Michigan,Baylor,Gonzaga,-13.506315789473682,19.0
West Virginia,Gonzaga,West Virginia,West Virginia,Michigan,Ohio State,Gonzaga,-13.51111111111111,18.0
Gonzaga,Gonzaga,Oklahoma State,Oklahoma State,Florida State,Baylor,Gonzaga,-13.753333333333332,12.0
Arkansas,Gonzaga,Arkansas,Illinois,Michigan,Arkansas,Gonzaga,-14.576666666666668,12.0
North Carolina,Michigan,North Carolina,Illinois,Michigan,North Carolina,Gonzaga,-16.212727272727275,11.0
Oklahoma State,Gonzaga,Oklahoma State,Oklahoma State,Michigan,Ohio State,Gonzaga,-17.034117647058824,17.0
Oklahoma State,Gonzaga,Oklahoma State,Oklahoma State,Michigan,Baylor,Gonzaga,-17.38896551724138,29.0
